{"count":1,"self":895.6588032,"total":2519.5814495,"children":{"InitializeActuators":{"count":5,"self":0.00099739999999999985,"total":0.00099739999999999985,"children":null},"InitializeSensors":{"count":5,"self":0.0029920999999999997,"total":0.0029920999999999997,"children":null},"AgentSendState":{"count":938117,"self":32.886742399999996,"total":81.026450799999992,"children":{"CollectObservations":{"count":938120,"self":7.04958,"total":7.0495798999999995,"children":null},"WriteActionMask":{"count":938120,"self":0.9235561,"total":0.9235561,"children":null},"RequestDecision":{"count":938120,"self":3.5971248,"total":40.1665735,"children":{"AgentInfo.ToProto":{"count":938120,"self":3.3259119999999998,"total":36.569448799999996,"children":{"GenerateSensorData":{"count":938120,"self":29.4415616,"total":33.2435368,"children":{"RayPerceptionSensor.Perceive":{"count":2814360,"self":3.8019735999999997,"total":3.8019735999999997,"children":null}}}}}}}}},"DecideAction":{"count":938117,"self":1528.1517568,"total":1528.151717,"children":null},"AgentAct":{"count":938117,"self":14.703841599999999,"total":14.7394696,"children":{"AgentInfo.ToProto":{"count":935,"self":0.0050072,"total":0.035627599999999995,"children":{"GenerateSensorData":{"count":935,"self":0.0259894,"total":0.0306204,"children":{"RayPerceptionSensor.Perceive":{"count":2805,"self":0.004631,"total":0.004631,"children":null}}}}}}}},"gauges":{"Hummingbird.CumulativeReward":{"count":935,"max":0,"min":-25,"runningAverage":-0.49304834,"value":0,"weightedAverage":-6.394262E-10}},"metadata":{"timer_format_version":"0.1.0","start_time_seconds":"1646667657","unity_version":"2020.3.27f1","command_line_arguments":"E:\\Unity\\UnityEditors\\2020.3.27f1\\Editor\\Unity.exe -projectpath C:\\Users\\IanTy\\Desktop\\AdvancedGameProgramming\\Week5&6 -useHub -hubIPC -cloudEnvironment production -licensingIpc LicenseClient-IanTy -hubSessionId dde55140-9e23-11ec-b1b1-1b03b3a10478 -accessToken Rmhr2UCSe8FYKozKmVFYsx6GfX3kzRIcE3eJh5JMG_w002f","communication_protocol_version":"1.5.0","com.unity.ml-agents_version":"2.2.1-exp.1","scene_name":"Training","end_time_seconds":"1646670176"}}