{"count":1,"self":1718.049792,"total":5287.2730041999994,"children":{"InitializeActuators":{"count":5,"self":0.0010187,"total":0.0010187,"children":null},"InitializeSensors":{"count":5,"self":0.0029552999999999997,"total":0.0029552999999999997,"children":null},"AgentSendState":{"count":2070551,"self":77.38096,"total":178.1917822,"children":{"CollectObservations":{"count":2070555,"self":15.6407264,"total":15.6407268,"children":null},"WriteActionMask":{"count":2070555,"self":2.2012868,"total":2.2012868,"children":null},"RequestDecision":{"count":2070555,"self":7.7594512,"total":82.96880689999999,"children":{"AgentInfo.ToProto":{"count":2070555,"self":6.9425696,"total":75.209355899999991,"children":{"GenerateSensorData":{"count":2070555,"self":60.063807999999995,"total":68.26678609999999,"children":{"RayPerceptionSensor.Perceive":{"count":6211665,"self":8.20298,"total":8.2029803,"children":null}}}}}}}}},"DecideAction":{"count":2070551,"self":3357.6679424,"total":3357.6678776,"children":null},"AgentAct":{"count":2070551,"self":33.2713152,"total":33.357650899999996,"children":{"AgentInfo.ToProto":{"count":2070,"self":0.010605999999999999,"total":0.0863361,"children":{"GenerateSensorData":{"count":2070,"self":0.0699394,"total":0.0757301,"children":{"RayPerceptionSensor.Perceive":{"count":6210,"self":0.0057906999999999993,"total":0.0057906999999999993,"children":null}}}}}}}},"gauges":{"Hummingbird.CumulativeReward":{"count":2070,"max":464.2259,"min":-27.5,"runningAverage":4.875886,"value":7.21147251,"weightedAverage":6.64645863}},"metadata":{"timer_format_version":"0.1.0","start_time_seconds":"1646758813","unity_version":"2020.3.27f1","command_line_arguments":"E:\\Unity\\UnityEditors\\2020.3.27f1\\Editor\\Unity.exe -projectpath C:\\Users\\IanTy\\Desktop\\AdvancedGameProgramming\\Week5&6 -useHub -hubIPC -cloudEnvironment production -licensingIpc LicenseClient-IanTy -hubSessionId 64085700-9eff-11ec-9839-cb4f8ef20fa7 -accessToken CIDSY6G9S2UeiL0TIyBuoPVD2OWdSkhQvqwzcCZg6Nw002f","communication_protocol_version":"1.5.0","com.unity.ml-agents_version":"2.2.1-exp.1","scene_name":"Training","end_time_seconds":"1646764100"}}